season,player,games,minutesPerGame,fieldGoalPercentage,threePointPercentage,freeThrowPercentage,reboundsPerGame,assistsPerGame,stealsPerGame,blocksPerGame,pointsPerGame,mvp
2001,Allen Iverson,71.0,42.0,0.42,0.32,0.814,3.8,4.6,2.5,0.3,31.1,1
2001,Tim Duncan,82.0,38.7,0.499,0.259,0.618,12.2,3.0,0.9,2.3,22.2,0
2001,Shaquille O'Neal,74.0,39.5,0.572,0.0,0.513,12.7,3.7,0.6,2.8,28.7,0
2002,Tim Duncan,82.0,40.6,0.508,0.1,0.799,12.7,3.7,0.7,2.5,25.5,1
2002,Jason Kidd,82.0,37.3,0.391,0.321,0.814,7.3,9.9,2.1,0.2,14.7,0
2002,Shaquille O'Neal,67.0,36.1,0.579,0.0,0.555,10.7,3.0,0.6,2.0,27.2,0
2003,Tim Duncan,81.0,39.3,0.513,0.273,0.71,12.9,3.9,0.7,2.9,23.3,1
2003,Kevin Garnett,82.0,40.5,0.502,0.282,0.751,13.4,6.0,1.4,1.6,23.0,0
2003,Kobe Bryant,82.0,41.5,0.451,0.383,0.843,6.9,5.9,2.2,0.8,30.0,0
2004,Kevin Garnett,82.0,39.4,0.499,0.256,0.791,13.9,5.0,1.5,2.2,24.2,1
2004,Tim Duncan,69.0,36.6,0.501,0.167,0.599,12.4,3.1,0.9,2.7,22.3,0
2004,Jermaine O'Neal,78.0,35.7,0.434,0.111,0.757,10.0,2.1,0.8,2.6,20.1,0
2005,Steve Nash,75.0,34.3,0.502,0.431,0.887,3.3,11.5,1.0,0.1,15.5,1
2005,Dirk Nowitzki,78.0,38.7,0.459,0.399,0.869,9.7,3.1,1.2,1.5,26.1,0
2006,Steve Nash,79.0,35.4,0.512,0.439,0.921,4.2,10.5,0.8,0.2,18.8,1
2006,LeBron James,79.0,42.5,0.48,0.335,0.738,7.0,6.6,1.6,0.8,31.4,0
2006,Dirk Nowitzki,81.0,38.1,0.48,0.406,0.901,9.0,2.8,0.7,1.0,26.6,0
2007,Dirk Nowitzki,78.0,36.2,0.502,0.416,0.904,8.9,3.4,0.7,0.8,24.6,1
2007,Steve Nash,76.0,35.3,0.532,0.455,0.899,3.5,11.6,0.8,0.1,18.6,0
2007,Kobe Bryant,77.0,40.8,0.463,0.344,0.868,5.7,5.4,1.4,0.5,31.6,0
2008,Kobe Bryant,82.0,38.9,0.459,0.361,0.84,6.3,5.4,1.8,0.5,28.3,1
2008,Chris Paul,80.0,37.6,0.488,0.369,0.851,4.0,11.6,2.7,0.1,21.1,0
2008,Kevin Garnett,71.0,32.8,0.539,0.0,0.801,9.2,3.4,1.4,1.3,18.8,0
2009,LeBron James,81.0,37.7,0.489,0.344,0.78,7.6,7.2,1.7,1.1,28.4,1
2009,Kobe Bryant,82.0,36.1,0.467,0.351,0.856,5.2,4.9,1.5,0.5,26.8,0
2009,Dwyane Wade,79.0,38.6,0.491,0.317,0.765,5.0,7.5,2.2,1.3,30.2,0
2010,LeBron James,76.0,39.0,0.503,0.333,0.767,7.3,8.6,1.6,1.0,29.7,1
2010,Kevin Durant,82.0,39.5,0.476,0.365,0.9,7.6,2.8,1.4,1.0,30.1,0
2010,Kobe Bryant,73.0,38.8,0.456,0.329,0.811,5.4,5.0,1.5,0.3,27.0,0
2011,Derrick Rose,81.0,37.4,0.445,0.332,0.858,4.1,7.7,1.0,0.6,25.0,1
2011,Dwight Howard,78.0,37.6,0.593,0.0,0.596,14.1,1.4,1.4,2.4,22.9,0
2011,LeBron James,79.0,38.8,0.51,0.33,0.759,7.5,7.0,1.6,0.6,26.7,0
2012,LeBron James,62.0,37.5,0.531,0.362,0.771,7.9,6.2,1.9,0.8,27.1,1
2012,Kevin Durant,66.0,38.6,0.496,0.387,0.86,8.0,3.5,1.3,1.2,28.0,0
2012,Chris Paul,60.0,36.4,0.478,0.371,0.861,3.6,9.1,2.5,0.1,19.8,0
2013,LeBron James,76.0,37.9,0.565,0.406,0.753,8.0,7.3,1.7,0.9,26.8,1
2013,Kevin Durant,81.0,38.5,0.51,0.416,0.905,7.9,4.6,1.4,1.3,28.1,0
2013,Carmelo Anthony,67.0,37.0,0.449,0.379,0.83,6.9,2.6,0.8,0.5,28.7,0
2014,Kevin Durant,81.0,38.5,0.503,0.391,0.873,7.4,5.5,1.3,0.7,32.0,1
2014,LeBron James,77.0,37.7,0.567,0.379,0.75,6.9,6.3,1.6,0.3,27.1,0
2014,Blake Griffin,80.0,35.8,0.528,0.273,0.715,9.5,3.9,1.2,0.6,24.1,0
2015,Stephen Curry,80.0,32.7,0.487,0.443,0.914,4.3,7.7,2.0,0.2,23.8,1
2015,James Harden,81.0,36.8,0.44,0.375,0.868,5.7,7.0,1.9,0.7,27.4,0
2015,LeBron James,69.0,36.1,0.488,0.354,0.71,6.0,7.4,1.6,0.7,25.3,0
2016,Stephen Curry,79.0,34.2,0.504,0.454,0.908,5.4,6.7,2.1,0.2,30.1,1
2016,Kawhi Leonard,72.0,33.1,0.506,0.443,0.874,6.8,2.6,1.8,1.0,21.2,0
2016,LeBron James,76.0,35.6,0.52,0.309,0.731,7.4,6.8,1.4,0.6,25.3,0
